Method,MPA,MRD,MSD,MSD-norm
SR,0.9427609427609427,0.5925925925925926,0.01178748967830274,0.030504230777694444
