Method,MPA,MRD,MSD,MSD-norm
SR,0.9444444444444444,0.574074074074074,0.011282487797137343,0.030423429007040283
