Method,MIPA
SR,0.8057842752851996
AR,0.8138874885640135
DA,0.815356273766625
PWC,0.4722393373040323
